#{"t_start": 1568232986.719759, "env_id": null}
r,l,t
417.849918,58,12.696157
114.429015,26,16.546909
190.988883,38,21.574567
88.192671,23,25.070264
469.217792,62,31.156757
118.37289,26,34.957875
528.533563,79,44.181169
93.126156,22,47.474764
118.064805,29,51.645411
80.131362,21,54.873588
320.769143,54,60.25467
99.184569,24,63.829621
95.957555,23,67.302871
129.860389,29,71.435128
596.851202,99,81.648863
84.254492,21,84.835828
100.606247,22,88.114961
190.463376,38,93.247027
425.741705,70,99.986598
771.970093,118,110.729542
408.410403,64,117.180253
500.689561,65,124.144052
75.406874,20,127.775017
62.995056,17,130.976238
67.561176,18,134.132154
90.887233,23,138.255709
74.445342,19,141.749812
99.016919,27,146.54456
368.285501,53,153.338598
89.17149,24,157.752932
-20.0,1,157.883971
108.649693,21,161.385916
54.747045,17,164.410901
392.311914,62,173.803292
62.865258,18,176.991226
54.556844,16,180.014052
293.316362,43,185.402059
200.523765,35,189.996915
83.668192,22,193.969584
478.458104,69,203.655502
124.562345,29,208.483229
228.182509,37,213.537915
267.511915,49,219.80379
112.249759,26,224.294978
128.820349,29,228.913405
67.107843,18,232.245415
875.460955,111,247.337975
164.234081,34,252.801228
67.101537,18,256.149543
68.27442,18,259.339842
287.183917,50,265.58086
84.763506,22,269.432273
153.624035,29,274.074978
816.776254,133,290.643912
505.728389,73,300.660927
581.228451,85,310.977168
118.590596,30,316.382303
790.087058,110,331.30833
124.882261,28,335.892868
77.490922,20,339.47784
241.412225,38,345.354044
54.293027,16,348.314779
72.647186,20,351.912042
320.595389,48,358.108551
67.746247,18,361.30316
76.686232,20,364.89516
59.855603,17,368.158113
813.317835,117,384.393092
491.611718,90,395.951174
60.241445,17,399.021016
130.37591,25,403.158201
381.522028,55,410.036129
283.789547,45,415.715752
73.563085,18,419.103693
60.419784,17,422.117508
57.939191,16,425.176513
113.552046,26,429.65089
54.708726,16,432.563601
90.30165,22,436.401294
159.698447,28,440.118292
364.539589,57,449.082418
217.438313,31,453.829229
211.420285,37,458.540596
89.461628,22,462.383595
85.368052,21,466.309165
790.279374,108,480.117053
113.730334,20,483.51833
89.927566,23,487.665691
114.924521,20,491.104741
66.031175,18,494.238803
81.939687,20,497.791839
82.605353,21,501.758912
471.479207,84,512.15365
86.282593,21,516.089187
56.074348,16,519.023023
196.736432,33,523.24923
111.58147,25,527.524552
116.922863,29,532.262255
289.473801,46,537.933411
500.636872,71,547.644027
153.303793,30,551.462317
1063.699376,160,568.182565
128.069894,26,571.675521
870.294652,132,586.671289
1020.990994,152,602.6546
78.435801,15,604.746386
100.69764,23,607.822444
198.415793,34,612.110388
106.171792,24,615.460782
149.280715,32,619.527165
253.617789,46,624.592667
150.816052,30,628.632838
148.268058,33,632.96744
119.80713,27,636.46658
772.822044,126,649.910928
1065.230877,153,665.737057
98.380431,18,668.309257
157.418551,32,672.443534
157.60504,35,676.859779
122.604781,27,680.506889
769.957989,132,694.493387
201.038932,38,699.366073
328.778476,49,705.137348
402.102447,65,711.874842
173.434991,32,716.054265
108.088524,24,719.341234
91.092399,21,722.192047
94.127901,22,725.132826
146.952967,29,728.973193
177.765467,32,733.046533
134.497867,30,737.001861
178.662112,38,741.84615
164.48278,32,745.866534
186.400172,38,750.608014
452.942167,65,757.369936
100.833526,23,760.621166
322.950938,56,766.44223
154.105782,33,770.585395
132.339212,30,774.537588
138.410904,30,778.452699
184.981851,36,783.103127
158.969325,34,787.337621
188.271605,35,791.729723
137.12474,27,795.358714
1471.656896,185,818.802023
108.059646,23,821.842952
110.487602,25,825.32385
166.876104,30,829.225222
82.956779,20,832.016867
939.970912,156,848.21525
501.312943,78,857.711253
220.514635,38,862.504913
180.503166,32,866.551451
125.455239,28,870.316019
940.669722,154,886.006953
78.157542,20,888.918858
112.514701,25,892.354742
326.799674,54,898.042537
87.881777,21,901.169662
92.488257,22,904.163833
386.219738,57,909.980062
251.57107,40,914.210521
198.176876,36,918.951822
115.722818,26,922.368731
448.982129,64,929.217058
94.50871,22,932.22526
95.727929,22,935.140507
83.007485,20,937.873301
132.244181,29,941.695502
342.686438,56,947.644524
121.00063,28,951.578787
194.364931,37,956.187455
122.088442,27,959.953883
195.126491,38,964.703283
116.110597,25,968.038803
106.211795,23,971.244314
1178.333357,150,988.761841
421.856769,62,995.45807
281.833137,43,1000.212287
142.506682,31,1004.338664
196.57592,35,1008.710977
1163.009338,159,1028.159775
240.087449,42,1032.629566
997.656963,149,1048.308717
250.283779,46,1053.62304
180.134761,32,1057.937831
128.435624,28,1061.610559
822.21259,130,1075.655243
107.820976,19,1078.259091
105.22327,24,1081.664234
98.670286,22,1084.613598
118.002722,26,1088.356853
350.790289,54,1093.991892
113.49619,25,1097.378768
361.903354,62,1104.035985
168.362106,32,1108.113232
102.687222,23,1111.297276
334.075037,58,1117.639715
1268.522626,177,1139.550107
398.742001,56,1145.380787
209.476988,41,1150.429358
403.639201,70,1159.463779
448.221149,61,1166.032641
629.309098,95,1177.118373
212.395066,35,1181.519573
109.432902,25,1184.960456
330.26161,55,1190.671196
111.466092,25,1194.098246
106.740773,25,1197.486038
275.397486,45,1202.228946
389.630178,62,1208.990609
103.18524,23,1212.112703
258.32234,48,1218.145631
117.138902,25,1221.519282
671.891077,113,1233.459885
377.305109,58,1239.410777
901.375108,124,1253.906734
106.974027,23,1257.061613
469.241334,68,1264.034492
680.064478,101,1274.066406
638.007891,81,1283.946501
103.837607,21,1286.7757
297.722865,47,1291.847695
138.512145,26,1295.320894
410.196421,63,1302.26775
197.390675,32,1306.286318
131.762218,28,1310.089582
96.64443,22,1313.013346
145.899176,29,1316.842851
200.367219,40,1321.73486
114.264843,25,1325.104025
622.48529,93,1335.982438
136.814998,29,1339.897639
178.371614,34,1344.160873
116.903959,27,1347.933997
416.410583,63,1354.687659
304.502381,47,1359.93618
348.237018,56,1365.88264
113.891615,24,1369.175797
727.553627,103,1381.20646
100.887796,23,1384.403394
85.553962,20,1387.181519
257.703131,45,1391.960054
119.74819,25,1395.389045
107.154001,24,1398.742198
194.348916,33,1402.812829
127.807221,28,1406.657481
126.173997,28,1410.460216
133.371331,29,1414.174261
83.755774,20,1417.073064
360.958742,65,1425.203532
448.233002,62,1431.798152
850.976531,117,1444.080283
302.624656,50,1449.394883
122.053641,25,1452.801029
106.930417,24,1456.124829
375.371739,58,1462.42453
436.040769,74,1471.727668
-20.0,1,1471.984726
440.029662,68,1478.985853
138.423395,29,1483.026329
102.171903,23,1486.27575
342.980715,49,1491.359297
324.57775,55,1497.113103
139.203198,28,1500.835144
976.058458,136,1516.432481
120.872221,26,1519.93466
374.173475,61,1526.535488
130.00375,28,1530.177711
669.510022,98,1540.618135
96.392021,22,1543.63659
121.568378,25,1547.049506
1026.579577,136,1562.585985
147.729178,30,1566.467342
114.389018,23,1569.662452
150.951887,30,1573.498736
208.819453,39,1578.407862
121.398431,27,1582.017915
884.87749,139,1597.912772
602.68451,95,1607.691268
810.869728,110,1620.928527
99.48062,23,1624.314304
343.955565,54,1630.511707
231.961956,37,1635.210979
170.254393,31,1639.225477
86.53967,20,1641.9882
128.356963,27,1645.579308
622.617746,80,1654.752721
639.38006,103,1665.799292
1018.737453,130,1679.725907
198.708002,37,1684.355968
109.800013,25,1687.854053
138.142408,30,1691.82331
190.21009,34,1696.078473
124.222118,27,1699.727155
769.199721,113,1711.582777
89.701871,21,1714.695473
428.218327,65,1721.729064
669.895849,101,1732.253171
126.303175,22,1735.279977
886.070459,138,1749.710464
437.202323,67,1757.788217
121.974058,26,1761.28334
245.889606,41,1765.69492
664.49648,108,1777.785007
168.517611,32,1781.94029
704.92522,114,1793.688727
197.607517,36,1798.253412
84.73015,20,1801.080955
748.019992,100,1811.630108
104.040651,22,1814.747152
116.007952,25,1818.128496
1034.658041,149,1834.101865
133.623243,29,1837.999268
315.446193,49,1844.053295
306.615231,46,1849.803192
688.891091,110,1862.550369
102.640742,23,1865.958139
171.904957,33,1870.344141
927.768476,142,1885.084469
371.412632,48,1890.553027
324.519006,52,1896.337484
354.741217,54,1902.20081
131.718193,27,1905.857637
149.105447,31,1909.98057
530.801611,65,1917.096176
192.629847,39,1922.046044
171.630396,32,1926.348017
127.430796,27,1930.11387
211.505053,42,1935.291042
158.234725,29,1939.244936
393.198405,63,1946.293772
140.516771,30,1950.388389
104.866047,23,1953.532924
94.331404,22,1956.825917
349.925398,59,1963.089801
369.160998,61,1970.233418
98.167724,23,1973.681199
106.3596,24,1977.35503
184.038247,35,1982.187123
440.574338,68,1991.27518
141.788648,28,1995.42612
145.318014,31,2000.046547
942.734087,140,2014.970917
80.126929,16,2017.25545
85.307593,20,2020.177096
599.961631,101,2030.643464
1040.280838,133,2045.943993
267.504286,45,2050.782324
118.237805,26,2054.369212
160.673989,33,2058.578537
149.722533,29,2062.398471
206.847008,37,2067.219045
112.406352,24,2070.351779
433.201949,75,2079.856678
461.172301,66,2086.823783
386.098383,68,2095.516652
-20.0,1,2095.611706
95.772309,17,2098.014596
94.512229,22,2101.108693
125.490769,26,2104.661572
429.496825,60,2111.023482
1105.278999,144,2128.751373
1133.795976,144,2146.124127
177.732036,35,2150.762942
360.627744,48,2156.751601
310.371882,47,2162.005573
96.995034,22,2165.069267
166.333219,33,2169.538367
1072.573932,147,2185.410814
130.145017,25,2188.821401
122.22999,25,2192.169644
473.583223,72,2201.407253
124.733239,25,2204.8121
101.80895,23,2207.922056
333.716938,55,2213.844631
116.526851,24,2217.258664
936.52099,160,2233.722232
82.569061,16,2236.050134
159.179773,32,2240.31688
150.915289,33,2244.507083
131.872014,26,2248.088271
140.176835,29,2251.906834
120.964436,25,2255.290139
101.206797,23,2258.564071
300.069483,46,2263.448834
104.602729,23,2266.754221
955.713485,142,2282.126492
1004.397875,140,2296.940701
572.601046,79,2306.64608
111.988587,24,2310.003039
765.418088,106,2321.062616
101.622085,23,2324.406732
713.773576,108,2335.24744
1005.600913,136,2349.99998
174.604648,33,2354.364232
944.377909,141,2369.961871
111.414499,25,2373.5201
111.945281,25,2377.0311
363.397787,54,2382.873849
113.792682,25,2386.324148
126.779054,28,2390.197239
408.530254,68,2397.094178
237.906255,40,2401.595609
197.480621,35,2405.977634
113.883672,25,2409.471643
158.295729,31,2413.525349
268.420747,48,2419.559961
638.713677,105,2430.353432
131.92166,27,2433.985783
127.526044,26,2437.592977
134.393586,27,2441.193082
329.011346,61,2447.306249
680.945097,116,2459.923272
818.834422,105,2471.256141
981.812024,132,2486.150105
219.167525,39,2491.102962
150.291178,30,2495.079288
116.310458,25,2498.48565
125.662246,27,2502.096009
965.708721,128,2515.978405
447.723141,64,2522.98933
119.258164,26,2526.653806
119.866224,26,2530.277088
104.900624,23,2533.429492
739.897349,120,2547.706835
333.464632,56,2553.685487
386.469792,73,2562.950678
95.036978,22,2566.081156
143.469013,29,2569.857728
140.024631,28,2573.681042
122.181445,25,2577.033875
134.349617,27,2580.594031
428.053112,65,2587.608401
612.473473,105,2598.533018
517.519695,75,2607.503134
164.109577,32,2611.744907
102.273937,23,2614.837839
202.525408,40,2619.827783
369.890444,69,2627.164896
1009.541091,133,2643.37815
135.656498,30,2647.509619
502.053676,74,2656.637125
183.669031,36,2661.328648
677.248663,107,2672.399094
271.230806,46,2677.274543
168.844006,33,2681.624726
1144.57079,159,2698.262487
416.423474,68,2705.415262
119.001085,25,2708.849829
289.798606,46,2713.972071
725.095747,97,2724.367185
336.124827,55,2730.351186
341.862305,57,2736.588376
96.07314,22,2739.811424
798.037612,130,2754.785134
101.703684,23,2757.954733
441.296345,63,2764.6024
111.27428,24,2767.976616
107.769345,24,2771.312837
183.947629,32,2775.471113
124.952779,27,2779.073285
965.59237,150,2796.34672
181.04438,34,2800.831848
308.591612,56,2807.033256
108.696867,23,2810.334916
102.114167,23,2813.654492
155.886512,30,2817.64855
215.39728,39,2822.497943
170.626145,33,2826.82223
132.561174,28,2830.683265
340.682978,58,2837.145943
87.607197,23,2840.481436
148.982583,25,2843.760306
638.743532,103,2855.65946
106.783336,23,2858.934455
119.733923,26,2862.528745
205.037569,36,2866.378386
285.892139,46,2871.433255
105.501232,24,2874.763455
218.58099,39,2879.693022
119.971226,26,2883.263312
387.720068,56,2889.420483
1032.923064,133,2905.109811
207.616076,35,2909.61496
110.037209,24,2913.020926
145.414519,28,2916.83454
729.141623,112,2928.758895
237.125183,39,2933.71834
125.426235,27,2937.395062
1201.855369,161,2957.033628
100.564611,22,2960.252239
390.412794,63,2967.023378
262.195921,40,2971.857456
663.054606,115,2983.915487
794.670342,118,2997.200848
103.199665,23,3000.5299
106.823813,24,3003.729472
816.532368,110,3015.908591
150.218326,30,3019.920058
144.381578,30,3023.905781
138.202354,28,3027.691297
146.83304,29,3031.607045
567.130823,99,3041.887119
1101.521243,144,3059.31176
333.391456,61,3065.603414
124.527278,22,3068.571979
310.376173,47,3074.379768
152.572539,31,3078.584666
164.630117,33,3082.851674
732.006756,104,3095.180461
478.239712,74,3104.23985
94.354709,22,3107.271238
404.213234,61,3114.093112
138.743247,30,3118.107237
553.225486,91,3127.488889
206.459998,36,3132.142693
381.151079,58,3138.099113
82.712157,20,3141.017092
793.822863,111,3154.578159
-20.0,1,3154.676181
954.76403,134,3170.330922
385.608376,60,3177.257073
417.451792,63,3184.17547
204.890556,37,3189.043817
340.518328,58,3195.292253
317.265844,46,3200.413704
534.71701,86,3210.781668
-20.0,1,3210.895103
107.441893,23,3213.963119
353.983261,60,3220.444011
471.49067,75,3230.007744
324.810464,54,3236.09596
208.734372,38,3241.0814
242.872013,43,3245.808761
630.364554,103,3258.152018
141.400818,29,3262.105489
596.34823,98,3272.093337
777.036876,112,3285.235407
78.947571,19,3288.011029
632.620062,83,3297.864771
666.623976,107,3309.578411
344.745283,56,3315.845562
951.865803,130,3331.234635
127.770195,28,3335.052843
174.81769,33,3339.433204
122.140364,27,3342.96911
503.600913,74,3352.15099
131.403444,27,3355.88943
443.891089,76,3365.618732
-20.0,1,3365.713778
130.054143,23,3368.85417
743.509138,111,3380.82948
96.848829,22,3383.905688
106.903508,24,3387.28181
925.200552,131,3402.239022
122.502868,27,3406.111166
938.441869,163,3422.603784
196.980948,33,3426.273046
89.970015,21,3429.245974
568.92911,80,3438.819054
99.835546,22,3441.818007
848.658267,130,3457.086043
68.704542,17,3460.319775
76.121716,19,3463.7617
326.743799,52,3470.206087
175.601674,32,3474.465698
667.546787,81,3485.49241
268.948856,45,3492.082937
89.701176,20,3496.623017
239.398534,43,3503.326018
68.071352,16,3507.04958
74.36462,18,3510.684773
825.89958,112,3528.439185
144.384649,27,3533.107837
332.411016,60,3541.614174
283.067565,48,3548.274601
328.288571,50,3555.001153
94.236614,20,3558.725993
65.522926,17,3562.152769
569.346239,77,3572.371284
76.237229,18,3575.742488
622.425071,95,3587.872672
170.038373,30,3592.81481
98.679712,22,3596.775811
113.441383,25,3601.159838
85.572674,19,3604.663006
101.953016,22,3608.5999
293.990655,52,3615.259354
125.745719,26,3619.648735
493.464315,74,3629.419961
302.170399,40,3635.741307
99.630687,23,3639.825625
221.229292,36,3645.789224
374.405789,60,3655.502952
-20.0,1,3655.652985
766.316101,106,3669.61834
138.051761,24,3673.735354
68.320812,18,3677.010412
781.641388,116,3692.010177
69.767207,18,3695.462196
137.605192,29,3700.439568
305.958064,48,3706.973205
386.775832,54,3714.007797
859.513021,119,3730.43409
73.448853,18,3733.995008
300.854571,48,3740.243422
522.27647,69,3750.609767
768.743577,114,3766.067316
222.293684,39,3771.237889
761.059927,121,3787.560582
339.144309,51,3794.393129
81.055065,19,3797.951267
114.365043,27,3802.867787
-20.0,1,3803.18687
94.511505,17,3806.235712
350.16031,52,3812.896219
264.314859,42,3818.59651
128.869496,27,3823.203551
721.683346,124,3839.225313
77.88351,14,3841.895917
379.431532,52,3848.773474
758.54057,109,3864.206964
96.72932,22,3868.222374
90.030183,20,3871.848238
65.656064,17,3875.146262
120.50935,26,3879.677288
227.100943,33,3884.959533
125.237678,24,3889.082499
342.229526,50,3895.784708
700.064857,104,3911.100611
276.655853,52,3917.744323
151.050466,29,3922.642553
110.296158,24,3926.940193
91.851566,21,3930.741756
118.749493,25,3935.194125
593.29601,95,3947.254475
51.853847,15,3950.283565
85.890236,20,3953.942599
94.736989,21,3957.859505
120.628071,26,3962.391934
113.588418,24,3966.673402
371.353966,53,3974.666292
99.491601,22,3978.733267
493.64125,86,3989.989882
96.671647,23,3994.01993
125.018635,25,3998.347913
67.582036,17,4001.597533
172.233049,33,4005.940638
89.256142,19,4009.56447
117.283963,25,4014.029765
293.189212,48,4020.793897
108.320098,26,4025.404981
124.266171,26,4030.167669
83.405863,20,4033.864572
575.561083,78,4046.079798
350.328194,50,4053.964846
278.148081,50,4060.788137
101.831068,23,4064.901349
658.337005,107,4079.838041
85.355964,19,4083.349064
385.540925,61,4093.226202
-20.0,1,4093.374234
73.416801,15,4096.164998
72.518264,18,4099.547842
122.053647,25,4104.092065
74.082358,19,4107.64787
114.128814,25,4112.174311
86.264629,21,4116.077272
98.198856,22,4119.897707
99.224127,26,4124.654401
71.608509,13,4127.148979
391.326929,59,4136.799501
799.988478,111,4152.349831
68.474639,18,4155.776913
233.101564,41,4161.402231
87.148571,21,4165.160229
554.618784,90,4176.185273
795.975419,120,4191.982028
208.138586,34,4197.544976
252.118507,39,4202.565051
606.569075,106,4216.684588
222.946287,36,4221.699798
332.987173,52,4228.615146
141.951036,29,4233.573358
712.868526,119,4248.658007
-20.0,1,4248.819044
306.609742,44,4255.223115
93.372889,20,4258.852102
160.65661,27,4263.259829
347.354133,57,4270.6229
109.703167,23,4274.64388
295.759718,56,4281.706972
176.332694,32,4286.4764
301.368262,45,4292.784319
100.351094,23,4296.794298
217.30772,36,4302.842873
173.544986,30,4307.835083
200.5652,31,4312.760782
237.816425,38,4317.783869
274.503323,42,4324.992647
682.152733,108,4340.18662
776.884576,127,4356.798085
123.151661,26,4361.49123
373.360738,63,4371.347445
-20.0,1,4371.496476
68.113781,18,4374.827809
115.27903,25,4379.055121
127.294829,25,4383.324224
81.194875,20,4387.058058
580.584344,83,4398.966457
358.7819,68,4409.1719
517.764057,78,4419.859437
321.502038,56,4429.273849
-20.0,1,4429.574255
67.736649,17,4432.713124
85.233502,19,4436.174087
108.829968,23,4440.22244
272.15713,50,4446.725969
313.926441,55,4453.973787
62.251439,16,4457.257139
162.242815,33,4462.8373
380.965345,58,4472.301271
-20.0,1,4472.441293
280.977647,45,4479.903547
-20.0,1,4480.04158
220.926203,34,4484.765644
134.690608,26,4489.193976
-20.0,1,4489.329008
118.860219,21,4493.128456
95.455231,22,4496.98453
348.584381,52,4503.781217
172.590699,34,4508.253445
331.757351,53,4515.119152
453.369658,74,4524.83537
485.289822,81,4535.344072
596.961945,85,4548.237345
342.434143,53,4555.327954
345.465507,52,4562.382598
955.859712,118,4581.062993
78.887715,19,4584.588173
397.894076,53,4591.752409
296.489548,53,4598.746752
63.968484,17,4601.978021
114.981807,23,4605.882582
586.003619,81,4619.047685
718.264368,102,4634.579559
68.149531,18,4637.960313
83.586907,20,4641.610236
421.448453,70,4650.966915
112.969978,24,4655.130485
66.417278,17,4658.519465
91.2351,20,4662.135085
151.027867,28,4666.936116
127.317677,25,4671.138056
79.810269,19,4674.749895
280.647364,50,4681.26577
355.882286,51,4688.29619
270.721608,48,4694.465954
524.400687,86,4705.324562
513.301287,88,4716.894405
77.721832,19,4720.413661
172.119017,34,4724.977797
720.905942,110,4740.607663
103.559282,22,4744.657709
51.019796,15,4747.650428
341.138543,53,4754.862215
425.804149,76,4765.505803
99.475518,22,4769.432113
89.41045,21,4773.217016
81.524744,18,4776.615175
73.983959,19,4780.203987
220.630818,34,4785.617225
310.752631,53,4794.580313
144.436398,27,4799.118429
277.815211,52,4806.442483
112.97962,22,4810.49649
270.843507,51,4817.790141
245.633751,45,4824.425642
276.43203,45,4830.704095
716.506721,113,4847.897158
102.497711,24,4852.562274
99.249134,23,4856.70024
638.635343,96,4871.086126
215.778244,38,4876.011081
145.352298,26,4880.30327
71.916736,18,4883.653368
66.488623,18,4887.050487
276.357851,51,4893.67721
68.953983,18,4897.009098
533.528083,90,4908.289115
178.781846,35,4913.882478
215.434196,41,4919.203882
503.325432,88,4930.42565
304.834277,49,4938.03751
-20.0,1,4938.17154
65.627314,16,4941.098469
516.924938,75,4951.335369
250.785658,51,4958.102701
74.785052,19,4961.489503
186.140879,31,4966.652851
714.768161,110,4983.290138
287.959566,48,4989.564826
100.693345,22,4993.698878
81.843852,19,4997.130672
297.300608,50,5003.85055
115.37614,25,5008.304621
161.25577,35,5012.844285
228.189785,48,5019.097125
85.918789,20,5022.851041
324.007081,50,5029.374603
324.742822,52,5036.222355
76.858881,19,5039.771701
478.881194,76,5050.147065
65.207091,17,5053.471378
828.812848,115,5069.476856
78.118915,20,5073.332265
661.196637,103,5088.439123
125.823771,26,5092.999204
394.438067,56,5101.872454
-20.0,1,5102.008484
79.185071,19,5105.59841
283.628711,49,5112.173479
656.278589,101,5127.286537
64.808958,19,5130.876379
-20.0,1,5131.009409
132.576945,22,5134.734304
439.53825,78,5145.094613
130.387101,26,5149.563817
899.36628,120,5168.723773
453.032187,65,5178.685231
273.737362,48,5185.345963
756.302666,104,5200.550411
521.584811,81,5211.927888
323.150687,54,5219.082716
80.178739,19,5222.63055
67.659144,17,5225.886346
189.902009,40,5231.188904
299.773191,46,5237.213411
111.022722,23,5241.219853
97.798966,21,5245.186752
152.84201,29,5250.073946
305.208762,53,5258.703507
-20.0,1,5258.847538
420.23362,62,5268.511048
85.944716,19,5271.906811
130.351876,25,5276.444839
500.162574,84,5287.540864
128.889994,28,5292.433507
178.903667,36,5297.152357
488.24475,82,5310.306913
79.355441,20,5314.090817
635.531743,105,5329.4576
55.411302,17,5332.809489
157.604798,26,5337.294946
232.737672,46,5344.519902
90.973905,18,5347.904728
137.803459,29,5352.970051
302.335391,55,5360.17525
193.276461,31,5364.826623
722.186872,104,5381.170753
88.62701,21,5385.081908
240.523714,49,5391.718377
463.648481,70,5402.613367
626.597178,87,5416.233773
360.77051,63,5425.143239
149.959101,29,5430.253413
783.79949,108,5445.282492
134.69402,27,5449.931971
57.737068,16,5453.184468
62.718155,17,5456.447154
126.571131,25,5460.809272
305.694736,55,5467.862164
329.760606,50,5475.81407
511.721421,80,5486.404885
327.101988,66,5496.380947
73.166063,19,5499.999912
58.696887,17,5503.116664
94.451989,22,5507.206834
778.823155,109,5524.439885
422.610205,61,5534.241366
303.80628,54,5541.331021
684.846485,107,5556.740376
94.966087,22,5560.631524
414.866245,81,5571.06372
103.599247,24,5575.480866
664.763869,105,5591.011856
388.273828,63,5599.605021
85.672975,21,5603.442489
481.34443,78,5614.262765
439.466651,70,5623.893236
163.03948,30,5628.897373
525.805336,82,5639.731932
57.355559,16,5642.828625
153.236083,28,5647.62504
263.859173,47,5653.896588
702.693719,101,5668.911989
295.154624,55,5676.291574
665.09123,100,5691.409085
197.348373,34,5695.965779
455.111241,79,5706.881457
246.752381,48,5713.147881
432.929422,75,5724.789079
267.758136,40,5731.38213
679.453207,109,5746.862802
108.162311,27,5751.699142
91.415645,18,5755.095011
286.899954,55,5762.33016
293.314412,48,5769.183609
61.378351,17,5772.451375
107.779497,22,5776.324302
155.691428,32,5780.886573
660.627827,104,5797.021072
56.268665,16,5800.067812
90.965681,21,5804.086722
76.936777,19,5807.516006
380.748101,60,5815.96821
77.855117,19,5819.644408
106.819768,24,5824.002169
291.77111,49,5830.637733
275.01643,51,5837.510329
265.925821,47,5843.918809
60.457557,17,5847.303043
430.585044,63,5856.280529
492.10514,68,5866.481239
235.634223,42,5873.380924
810.485129,124,5892.514352
515.902172,82,5904.046347
320.587205,56,5913.26003
286.596886,50,5919.918996
172.339366,38,5924.512162
893.472506,124,5939.589459
328.98393,63,5946.529351
143.150798,29,5950.775308
87.497781,22,5953.902169
93.819947,23,5957.256149
577.989627,87,5966.708494
848.648397,123,5980.687982
141.954528,24,5983.888736
124.586263,25,5987.4139
132.762368,27,5991.172749
874.643206,123,6005.7126
233.716603,37,6010.494945
428.501435,70,6019.433333
120.948763,23,6022.633079
86.927536,21,6025.8619
354.887794,64,6032.621686
1058.54386,153,6049.283424
157.379723,32,6053.470615
1117.419551,150,6071.814697
187.802361,36,6076.958438
130.871889,23,6080.177165
109.641801,24,6083.860996
130.672177,26,6087.72087
333.288807,56,6094.097368
82.953758,20,6097.532244
472.238069,74,6108.033146
85.489445,19,6111.059907
1029.679617,142,6130.153823
77.786692,20,6133.173559
205.753466,37,6138.285373
579.560765,88,6148.328551
374.439179,59,6154.996194
128.508901,27,6158.749282
88.119484,23,6161.896107
453.517741,73,6170.358813
93.003146,22,6173.474407
451.493301,76,6181.576737
121.839238,26,6185.182652
689.54235,102,6198.201876
823.80455,131,6214.561546
202.574019,36,6219.425711
320.927076,55,6225.670455
141.082308,30,6229.918442
369.351986,60,6236.786564
345.937482,60,6243.498532
597.125939,97,6255.717446
795.5778,108,6269.321188
477.074064,76,6279.782737
86.060951,21,6282.96446
366.242812,63,6289.853103
568.545911,80,6300.114063
338.815448,60,6306.5757
333.13694,59,6313.132245
222.132523,44,6317.904305
85.005427,22,6321.060015
749.223754,104,6333.817045
67.663454,19,6336.705825
150.636488,31,6341.315749
211.95765,37,6346.50319
1173.600819,161,6367.823171
93.060653,23,6371.156111
501.76922,80,6381.202842
169.617778,31,6385.590482
109.125845,25,6389.264325
494.292457,87,6399.896802
220.998771,40,6405.217161
840.662572,125,6420.677362
431.953225,65,6428.176485
494.620778,73,6437.661985
-20.0,1,6437.774008
896.94436,124,6452.599688
466.748721,76,6460.767849
463.010001,72,6469.219711
127.815819,27,6473.430664
166.852109,32,6478.100747
123.755838,27,6482.085726
178.117198,37,6486.413791
197.688438,33,6491.057866
356.886619,65,6498.206749
253.682336,47,6504.109119
450.305198,90,6515.390209
167.951531,30,6519.744284
471.04727,77,6529.562067
109.652105,24,6533.71596
498.175386,72,6543.863544
89.910014,22,6547.653244
230.743338,48,6553.072685
83.598436,21,6556.608568
94.660003,22,6559.952401
230.120142,46,6565.174711
79.359631,20,6568.328413
915.519827,133,6587.438045
509.485689,80,6598.334871
382.459557,58,6606.201649
352.820204,56,6614.059703
99.952501,20,6617.112517
417.585159,69,6626.363641
303.787737,52,6632.544121
204.282455,41,6637.095221
428.49816,68,6646.748153
470.517041,70,6655.154125
481.249598,78,6664.10257
142.101119,28,6668.262947
477.738608,74,6676.79836
108.744471,24,6680.357116
540.492622,90,6692.03447
272.665022,51,6698.646095
540.375152,89,6708.613998
677.046696,102,6721.754575
-20.0,1,6721.851597
500.092835,73,6730.840881
1198.230953,162,6752.366645
88.741847,22,6755.483523
109.699248,25,6758.959368
580.111218,90,6769.68504
555.790416,81,6780.104498
94.320651,24,6783.306654
811.685774,138,6798.488561
111.708336,26,6802.15449
1211.411033,165,6823.739558
219.181106,46,6828.579708
95.505204,23,6831.86059
301.322491,61,6839.515897
350.371273,52,6845.991776
351.527095,67,6853.40659
100.24079,24,6856.817494
98.41124,24,6860.225286
288.349051,57,6867.210558
92.903494,22,6870.409184
303.751804,45,6876.21392
494.942824,73,6885.736322
815.79503,117,6901.185471
100.113574,25,6905.182468
357.084398,60,6912.531253
105.96046,25,6916.52318
987.183801,145,6936.377771
857.966066,124,6953.201452
313.657002,56,6959.850137
154.773248,32,6964.592335
189.679602,38,6968.975611
81.122149,22,6972.432829
97.947313,23,6975.832678
780.589457,108,6990.223091
555.358984,91,7001.361419
415.86333,69,7011.641843
253.3084,52,7017.614283
316.309325,58,7024.583948
183.874989,38,7029.124228
310.033073,61,7036.106114
343.428722,63,7043.496106
284.913536,60,7051.042848
271.541099,54,7057.813345
460.999852,71,7066.862555
313.355549,58,7074.349894
112.678804,27,7078.725658
82.139023,21,7082.299313
389.322257,68,7091.905536
211.400191,40,7097.039906
446.403595,79,7107.405192
177.9323,33,7112.461382
811.690308,116,7127.680395
329.219869,59,7134.727289
73.722244,21,7138.079103
98.432952,24,7141.948326
347.389061,62,7149.189073
747.935511,116,7164.973199
188.890037,40,7169.967775
260.366536,48,7176.229198
96.979016,23,7179.71501
376.272826,63,7188.505516
567.719439,91,7200.853946
176.090804,40,7205.383248
80.922871,21,7208.956101
118.162157,27,7213.400344
88.460786,23,7217.081254
86.39318,22,7220.645895
114.229692,27,7224.751047
717.499771,111,7238.557609
511.782339,76,7248.149181
638.35124,104,7260.672952
512.326179,89,7270.54346
147.770372,33,7274.278237
709.508121,109,7287.72765
849.256641,129,7303.238741
118.058141,25,7306.36701
358.701748,59,7313.054658
387.973176,69,7321.968036
306.77031,62,7328.574704
803.614782,115,7344.003887
120.768128,28,7348.583914
493.821836,82,7357.954035
719.863882,112,7372.307738
128.429934,25,7375.92259
255.282037,53,7382.060979
85.786279,23,7385.637788
165.071091,36,7390.643922
97.81857,23,7394.126709
94.437429,23,7397.512475
627.701492,99,7410.197298
165.5098,37,7414.654238
102.831851,27,7418.619135
69.335982,15,7420.815642
221.134255,38,7426.011808
144.390531,30,7430.234764
598.022022,86,7441.011397
119.10372,26,7444.75007
164.139027,32,7449.218457
436.70012,70,7457.308323
427.707252,73,7466.803069
384.179165,63,7474.688291
930.271418,141,7492.614353
82.612008,22,7495.726057
273.277098,53,7501.903677
867.011939,128,7517.480125
88.949215,22,7520.70785
635.480882,100,7533.179813
219.755151,47,7538.199111
696.934789,107,7551.936348
319.804969,60,7558.484847
886.116111,136,7574.886154
502.530338,78,7583.430115
585.959551,97,7594.553202
297.855546,48,7600.706808
111.67054,25,7604.118973
296.196276,65,7610.960994
1111.41979,155,7631.150495
79.483931,21,7634.280201
976.748026,144,7652.271041
682.154425,114,7666.137707
104.086849,26,7669.719059
108.12705,25,7673.13331
134.858687,32,7677.542862
1102.622676,149,7696.699983
83.589632,25,7700.307827
434.594193,69,7707.814121
929.885572,131,7724.127167
267.106644,59,7730.191827
73.973836,22,7733.414886
645.406832,109,7746.694889
117.238208,29,7750.611914
99.083026,25,7754.030986
152.229515,31,7758.129766
81.928743,22,7761.167659
494.500996,78,7770.136195
105.363151,26,7773.741236
423.807887,77,7784.425442
349.49975,72,7792.327776
436.276651,78,7801.009156
746.435872,110,7814.65581
73.616111,20,7817.599638
306.535373,56,7824.117573
64.394341,18,7827.26844
381.079695,67,7835.142521
301.654479,60,7842.113179
85.668771,21,7845.643458
454.262805,76,7854.909392
107.867233,26,7858.977917
856.398419,126,7874.842267
834.732035,115,7891.33094
68.683493,19,7894.534653
467.984945,71,7904.487839
435.363636,70,7913.144636
322.164789,61,7920.446438
186.432329,43,7925.495164
620.252097,94,7938.485896
105.767534,25,7942.431494
88.861866,23,7945.9637
755.719497,114,7960.849524
91.008644,22,7964.349543
74.921817,21,7967.612147
475.333155,77,7977.231933
338.944663,62,7984.56494
197.194775,37,7989.768992
187.97528,42,7994.788616
705.044109,116,8008.737461
441.978684,67,8016.781028
453.940867,82,8026.712244
546.907648,85,8037.760038
557.207177,92,8049.762645
64.115143,21,8053.021419
-20.0,1,8053.138445
138.48166,26,8056.781714
642.960343,93,8068.990729
313.953242,56,8075.51033
97.067178,23,8079.316435
697.686836,111,8094.434077
533.375679,87,8104.53563
364.950839,71,8112.681872
127.058316,27,8116.639371
755.982384,125,8132.303955
135.624413,30,8136.764241
82.78106,22,8140.102292
112.388355,27,8144.215437
196.512879,44,8149.198773
289.823995,54,8155.199494
763.355975,115,8169.586104
687.307786,106,8183.077953
477.260261,81,8193.043833
115.044076,27,8196.626266
795.972037,122,8210.549023
446.778379,74,8218.736914
90.031183,23,8222.12668
116.450673,27,8225.830518
